{
    "accuracy": 0.8666666666666667,
    "precision": 0.8846153846153846,
    "recall": 0.8214285714285714,
    "roc_auc": 0.9369419642857143
}